Método,MAE (°C),MSE (°C²)
Mínimos cuadrados (grado 1),0.347780764536754,0.17187247278536066
Mínimos cuadrados (grado 2),0.3837463048415544,0.22593749639529093
Mínimos cuadrados (grado 3),0.34527447063526856,0.1606594068080087
Mínimos cuadrados (grado 4),0.22249674618343576,0.07398125074999451
Mínimos cuadrados (grado 5),0.21541543528957485,0.07686313725028866
Mínimos cuadrados (grado 6),0.23397471989596544,0.08921198241928088
Mínimos cuadrados (grado 7),0.25539720603495364,0.09490717368923685
Mínimos cuadrados (grado 8),0.2284109701597208,0.0847581399397822
Mínimos cuadrados (grado 9),0.2307142528194864,0.08590977472371994
Newton (4 nodos),0.04847126436781619,0.003605467432950186
